Rank,Family,Method,Class,Support,TP,FP,FN,TN,Precision,Recall,Specificity,F1,Accuracy,Precision mean over splits,Precision std over splits,Recall mean over splits,Recall std over splits,Specificity mean over splits,Specificity std over splits,F1 mean over splits,F1 std over splits,Accuracy mean over splits,Accuracy std over splits
1,semantic,SEM Magma counter-model rule (no training),equivalent,680,680,4,0,6102,0.9941520467836257,1.0,0.9993449066491975,0.9970674486803519,0.999410551134689,0.9922619047619048,0.009523809523809544,1.0,0.0,0.9993676844815486,0.0007748373951727585,0.9960929350403035,0.004809153447909231,0.9994150246305418,0.0007166293206114863
1,semantic,SEM Magma counter-model rule (no training),stronger,1729,1727,13,2,5044,0.9925287356321839,0.9988432620011567,0.9974293059125964,0.9956759873162294,0.997789566755084,0.992640257762031,0.00700751210318802,0.9988112690982955,0.0014559161830796355,0.9974573693757713,0.0023057331785644327,0.9957066675049495,0.004055983187960209,0.9978155743308609,0.0019840339817272824
1,semantic,SEM Magma counter-model rule (no training),weaker,1729,1727,13,2,5044,0.9925287356321839,0.9988432620011567,0.9974293059125964,0.9956759873162294,0.997789566755084,0.992640257762031,0.00700751210318802,0.9988112690982955,0.0014559161830796355,0.9974573693757713,0.0023057331785644327,0.9957066675049495,0.004055983187960209,0.9978155743308609,0.0019840339817272824
1,semantic,SEM Magma counter-model rule (no training),incomparable,2648,2622,0,26,4138,1.0,0.9901812688821753,1.0,0.995066413662239,0.9961685823754789,1.0,0.0,0.9902412172691915,0.008193643148941828,1.0,0.0,0.9950796231160857,0.004143980955712382,0.9962161240311799,0.0034795483063103727
2,structural,STRUCT WL (h=3) + structural invariants,equivalent,680,654,11,26,6095,0.9834586466165414,0.961764705882353,0.9981984932852932,0.9724907063197026,0.9945475979958739,0.9839833604422339,0.012258533705295447,0.9556634371085376,0.03855888401023758,0.9981854743492503,0.0014617762844978948,0.969029485608228,0.017729042808921666,0.9945332248026876,0.0022040137447709315
2,structural,STRUCT WL (h=3) + structural invariants,stronger,1729,1649,88,80,4969,0.9493379389752447,0.9537304800462695,0.982598378485268,0.9515291402192729,0.9752431476569408,0.9489763660274688,0.008720160339508247,0.9538181911259024,0.016179949930104017,0.982649611115081,0.002140980778385248,0.9512737376634337,0.0073615344018464765,0.9751699220807822,0.0035407521168978103
2,structural,STRUCT WL (h=3) + structural invariants,weaker,1729,1648,87,81,4970,0.9498559077809798,0.9531521110468479,0.982796124184299,0.9515011547344111,0.9752431476569408,0.9494633950603644,0.012685296775019079,0.9529995028422654,0.014074453843655764,0.9829469207903669,0.0035833458745570886,0.9511055109934343,0.007796655565040542,0.9752280206588596,0.002968628261516098
2,structural,STRUCT WL (h=3) + structural invariants,incomparable,2648,2488,161,160,3977,0.9392223480558701,0.9395770392749244,0.9610923151280812,0.9393996601850104,0.9526967285587975,0.9379315956971391,0.022405321027826344,0.9394432421991133,0.011803175632639273,0.9605875873482137,0.013408277432475682,0.9384197812710695,0.008445752007690531,0.9526825856436332,0.0040320408551781034
3,structural,STRUCT Structural invariants (formal),equivalent,680,589,133,91,5973,0.8157894736842105,0.8661764705882353,0.9782181460858173,0.8402282453637661,0.9669908635425877,0.807116323906493,0.07840399905219134,0.859813331224274,0.050668743306201774,0.9780204416959579,0.008730549941508958,0.8301814104229687,0.04970079752178304,0.9667263312405838,0.007317115980935593
3,structural,STRUCT Structural invariants (formal),stronger,1729,1532,208,197,4849,0.8804597701149425,0.8860613071139387,0.9588688946015425,0.8832516575381955,0.9403183023872679,0.8797237512627556,0.023898195004334127,0.8857535652545042,0.023106137301777418,0.9590147312765417,0.006494721700257093,0.882517768708895,0.01886835710349563,0.9401828014635136,0.008495839968951464
3,structural,STRUCT Structural invariants (formal),weaker,1729,1528,209,201,4848,0.8796776050662061,0.8837478311162522,0.9586711489025114,0.8817080207732256,0.9395814913056293,0.8788069167747864,0.02164242465476885,0.8834387122593033,0.026186865472953666,0.958829008267891,0.00509197468735133,0.8808807116933643,0.018926789949792296,0.9394872656846889,0.007859653047291321
3,structural,STRUCT Structural invariants (formal),incomparable,2648,2290,297,358,3841,0.885195206803247,0.8648036253776435,0.9282261962300629,0.8748806112702961,0.9034777483053346,0.8829325367977578,0.032032644196050085,0.8649353162042628,0.011377819921700675,0.9275761899705438,0.018291157367998707,0.8735805004938111,0.018548799165636586,0.9034239402710338,0.014165532344592334
4,structural,STRUCT Weisfeiler-Lehman subtree features (h=3),equivalent,680,483,209,197,5897,0.6979768786127167,0.7102941176470589,0.96577137242057,0.7040816326530612,0.9401709401709402,0.6900508050595048,0.054161172837379284,0.7105619003500966,0.07483340058457194,0.9657185369771024,0.005717573748355374,0.6963320219419562,0.03926333639178625,0.9401784575404193,0.007239260372242416
4,structural,STRUCT Weisfeiler-Lehman subtree features (h=3),stronger,1729,1408,334,321,4723,0.8082663605051664,0.8143435511856565,0.9339529365236307,0.8112935753385191,0.9034777483053346,0.8095682618949072,0.03655715762030422,0.8141551523726829,0.037402017572200075,0.9341446211860991,0.015088382341707882,0.8105917709551592,0.018575685082163465,0.9032732245011287,0.009370110304040525
4,structural,STRUCT Weisfeiler-Lehman subtree features (h=3),weaker,1729,1398,336,331,4721,0.8062283737024222,0.8085598611914402,0.9335574451255685,0.8073924343055154,0.9017094017094017,0.8069698409392648,0.035999950458365786,0.8081864749972467,0.03469898730128121,0.9336697442151227,0.013943996528955031,0.8066501249209391,0.022323642351819502,0.9014296382115707,0.011623675264264654
4,structural,STRUCT Weisfeiler-Lehman subtree features (h=3),incomparable,2648,2174,444,474,3694,0.8304048892284186,0.8209969788519638,0.8927017883035283,0.825674135966578,0.8647214854111406,0.8269149740629776,0.05315592069018643,0.8189100296201909,0.04134753372917789,0.8916735023827937,0.03180118920526323,0.8214940279701197,0.03357689646248495,0.8642117489545302,0.017882514682168543
5,natural-latents,"NL Representation-specific, RAW | Direct latents [z(A),z(B),z(A)-z(B)] (19 views)",equivalent,680,462,182,218,5924,0.717391304347826,0.6794117647058824,0.9701932525384868,0.6978851963746224,0.9410551134689066,0.7140486004882385,0.07744669276875821,0.6858136784415605,0.07162024803228297,0.970023452782705,0.009549786565408567,0.6935598076655106,0.029662972452729492,0.9409429812747077,0.009600475856208976
5,natural-latents,"NL Representation-specific, RAW | Direct latents [z(A),z(B),z(A)-z(B)] (19 views)",stronger,1729,1401,321,328,4736,0.813588850174216,0.810294968189705,0.9365236306110342,0.8119385685308607,0.9043619216033009,0.8129270002052451,0.03124353108646114,0.8102875653647891,0.02015257481736253,0.936378573282538,0.010425814353999247,0.8111649561861721,0.018310604579279424,0.9040032553408344,0.00964140036668596
5,natural-latents,"NL Representation-specific, RAW | Direct latents [z(A),z(B),z(A)-z(B)] (19 views)",weaker,1729,1407,308,322,4749,0.8204081632653061,0.8137651821862348,0.9390943246984378,0.8170731707317074,0.9071618037135278,0.8200177137644197,0.030458784455392383,0.8140703115259942,0.016173554053935373,0.9389688455452891,0.010488604370327795,0.8165912442046943,0.015396874912160267,0.9069227304300647,0.008454641078534358
5,natural-latents,"NL Representation-specific, RAW | Direct latents [z(A),z(B),z(A)-z(B)] (19 views)",incomparable,2648,2225,480,423,3658,0.822550831792976,0.8402567975830816,0.8840019333011117,0.8313095460489446,0.8669319186560566,0.8184515811121041,0.03943622109752481,0.8402511047105868,0.04103768540726843,0.8838569271568103,0.009596232992175774,0.8281752514735297,0.028845291263164142,0.8663757526144611,0.01744204606055294
6,natural-latents,"NL Representation-specific, RESAMPLED | Direct latents [z(A),z(B),z(A)-z(B)] (19 views)",equivalent,680,440,218,240,5888,0.668693009118541,0.6470588235294118,0.9642974123812643,0.6576980568011959,0.9325081049218981,0.6599830393875845,0.05642154434627118,0.6508694512812719,0.08052842209798233,0.9641540360014165,0.0049866301255002445,0.651897188082482,0.04791352858954957,0.932461921393162,0.010807588030740129
6,natural-latents,"NL Representation-specific, RESAMPLED | Direct latents [z(A),z(B),z(A)-z(B)] (19 views)",stronger,1729,1378,351,351,4706,0.7969924812030075,0.7969924812030075,0.9305912596401028,0.7969924812030075,0.896551724137931,0.7967376167729662,0.038649704957340755,0.797506496585669,0.019892620367245598,0.9306763547693778,0.012733871977144273,0.7963455892175443,0.01749851936486243,0.8963489655643986,0.007729939940069042
6,natural-latents,"NL Representation-specific, RESAMPLED | Direct latents [z(A),z(B),z(A)-z(B)] (19 views)",weaker,1729,1379,366,350,4691,0.7902578796561605,0.7975708502024291,0.9276250741546371,0.7938975244674727,0.8944886531093428,0.7903086493521095,0.03614010353109099,0.7983627998983064,0.0157158620184807,0.9278053419524325,0.011821775621828087,0.7935718293850671,0.013183534088948397,0.8944212292174726,0.005675799981912502
6,natural-latents,"NL Representation-specific, RESAMPLED | Direct latents [z(A),z(B),z(A)-z(B)] (19 views)",incomparable,2648,2155,499,493,3639,0.8119819140919367,0.8138217522658611,0.8794103431609473,0.8129007921539042,0.8538166814028882,0.8086944042168177,0.04498700231461528,0.8166089522143025,0.04342126624939333,0.8798436865065258,0.01309254240910357,0.8107900799402639,0.023020894800983092,0.853421323884066,0.01566890865868419
7,semantic,"SEM Condensation engine, corrected (size-2+3 magmas; unresolvable -> incomparable)",equivalent,680,92,12,588,6094,0.8846153846153846,0.13529411764705881,0.9980347199475925,0.23469387755102042,0.9115826702033598,0.8861138861138862,0.0914028592559172,0.15106988239927874,0.06868929653315221,0.9980297290418443,0.0015843627379491568,0.2515346894678202,0.10055824955881373,0.9117252395419397,0.026460976521293006
7,semantic,"SEM Condensation engine, corrected (size-2+3 magmas; unresolvable -> incomparable)",stronger,1729,303,38,1426,5019,0.8885630498533724,0.17524580682475419,0.9924856634368202,0.2927536231884058,0.784261715296198,0.8875271854582198,0.027978606141363733,0.17621897867315578,0.03326538145313882,0.9925495212499366,0.0015199387863681587,0.29273672672931794,0.046696192397197606,0.7842159095007936,0.018775294342077715
7,semantic,"SEM Condensation engine, corrected (size-2+3 magmas; unresolvable -> incomparable)",weaker,1729,303,38,1426,5019,0.8885630498533724,0.17524580682475419,0.9924856634368202,0.2927536231884058,0.784261715296198,0.8875271854582198,0.027978606141363733,0.17621897867315578,0.03326538145313882,0.9925495212499366,0.0015199387863681587,0.29273672672931794,0.046696192397197606,0.7842159095007936,0.018775294342077715
7,semantic,"SEM Condensation engine, corrected (size-2+3 magmas; unresolvable -> incomparable)",incomparable,2648,2568,3432,80,706,0.428,0.9697885196374623,0.1706138231029483,0.5938945420906568,0.4824638962569997,0.4287458255905451,0.06505696808713946,0.9699198719593701,0.004327666499821822,0.1733780131203254,0.038400257229846996,0.5916108858016542,0.06515516004268103,0.4825415752244506,0.06269905839578585
8,semantic,"SEM Condensation engine, as published (size-2+3 magmas; unresolvable -> incomparable)",equivalent,680,92,1512,588,4594,0.057356608478802994,0.13529411764705881,0.7523747133966591,0.08056042031523641,0.6905393457117595,0.05682487888287262,0.009667992219512362,0.15106988239927874,0.06868929653315221,0.752989578340024,0.03011056686605644,0.08016821405989796,0.01939577247878837,0.6905353326829451,0.008495244805960056
8,semantic,"SEM Condensation engine, as published (size-2+3 magmas; unresolvable -> incomparable)",stronger,1729,303,38,1426,5019,0.8885630498533724,0.17524580682475419,0.9924856634368202,0.2927536231884058,0.784261715296198,0.8875271854582198,0.027978606141363733,0.17621897867315578,0.03326538145313882,0.9925495212499366,0.0015199387863681587,0.29273672672931794,0.046696192397197606,0.7842159095007936,0.018775294342077715
8,semantic,"SEM Condensation engine, as published (size-2+3 magmas; unresolvable -> incomparable)",weaker,1729,303,38,1426,5019,0.8885630498533724,0.17524580682475419,0.9924856634368202,0.2927536231884058,0.784261715296198,0.8875271854582198,0.027978606141363733,0.17621897867315578,0.03326538145313882,0.9925495212499366,0.0015199387863681587,0.29273672672931794,0.046696192397197606,0.7842159095007936,0.018775294342077715
8,semantic,"SEM Condensation engine, as published (size-2+3 magmas; unresolvable -> incomparable)",incomparable,2648,1068,3432,1580,706,0.23733333333333334,0.4033232628398791,0.1706138231029483,0.29882484611080024,0.26142057176539935,0.2397158243667911,0.046667288692024154,0.4022686296730932,0.024503482290836882,0.1733780131203254,0.038400257229846996,0.2976387758693818,0.04110739549515713,0.2613516683654559,0.031042688062440083
