Method,Family,Split seed,Test pairs,Accuracy,Balanced accuracy,Macro precision,Macro recall,Macro specificity,Macro F1,Weighted F1,Cohen's kappa,MCC
SEM Magma counter-model rule (no training),semantic,42,1280,1.0,1.0,1.0,1.0,1.0,1.0,1.0,1.0,1.0
SEM Magma counter-model rule (no training),semantic,7,1344,0.9955357142857143,0.996734413041177,0.9925595238095238,0.996734413041177,0.9986037333367601,0.9946225985838609,0.9955404482962675,0.9935645334286736,0.9935738364684169
SEM Magma counter-model rule (no training),semantic,123,1434,0.99860529986053,0.9990875912408759,0.9985875706214689,0.9990875912408759,0.9995374653098983,0.9988357480302745,0.9986050113483905,0.99805536118208,0.9980574257328045
SEM Magma counter-model rule (no training),semantic,99,1336,0.9955089820359282,0.9961139896373057,0.9961636828644501,0.9961139896373057,0.9984177215189873,0.9961162298856738,0.9955000408524778,0.9938552299536076,0.9938758008484596
SEM Magma counter-model rule (no training),semantic,256,1392,0.9885057471264368,0.9928937004128693,0.9846172480620154,0.9928937004128693,0.9962941088757189,0.9886577899580509,0.9885066327232133,0.983100643438145,0.9832074056890491
STRUCT WL (h=3) + structural invariants,structural,42,1280,0.9515625,0.955696676956923,0.9580435815104931,0.955696676956923,0.9820731360011759,0.9568067519595476,0.9515850011490553,0.9307968133048707,0.9308244832006441
STRUCT WL (h=3) + structural invariants,structural,7,1344,0.9389880952380952,0.9268401705207041,0.95316516703503,0.9268401705207041,0.9763366877588879,0.9389883603839239,0.9389973722909879,0.9114215329713828,0.9116585589557006
STRUCT WL (h=3) + structural invariants,structural,123,1434,0.9567642956764296,0.9653891220887354,0.9596082704683762,0.9653891220887354,0.9849108400485964,0.9621147402231158,0.9566020956915832,0.9399236172863865,0.9403391086720037
STRUCT WL (h=3) + structural invariants,structural,99,1336,0.9505988023952096,0.9558125379514184,0.9540755760822293,0.9558125379514184,0.9828588676586999,0.9547763671124212,0.9507752597949135,0.932442951621504,0.9325844861562997
STRUCT WL (h=3) + structural invariants,structural,256,1392,0.9461206896551724,0.9486669590769927,0.9505508014378793,0.9486669590769927,0.9792824605362798,0.9495994247411984,0.9461288826825964,0.9205002695680514,0.9205023887152219
STRUCT Structural invariants (formal),structural,42,1280,0.875,0.8646293142194782,0.8505553938111988,0.8646293142194782,0.9565382354021975,0.8570995180361134,0.875573041943001,0.8222231481433256,0.8223846147792468
STRUCT Structural invariants (formal),structural,7,1344,0.8534226190476191,0.8406019948612835,0.8486759039341643,0.8406019948612835,0.9460375745168766,0.8444963448685938,0.8533150497661628,0.7880095631412325,0.7880512816768922
STRUCT Structural invariants (formal),structural,123,1434,0.900976290097629,0.9018473620846919,0.9040749920085235,0.9018473620846919,0.9652714086373,0.902333697114648,0.9008919922058004,0.8621719419035796,0.8625804900329177
STRUCT Structural invariants (formal),structural,99,1336,0.8794910179640718,0.8857773970100575,0.873418506265034,0.8857773970100575,0.9592786736553142,0.8785717876797337,0.8799510810849451,0.8357125290048011,0.8360839302410532
STRUCT Structural invariants (formal),structural,256,1392,0.8656609195402298,0.8745700880024192,0.8339996149083204,0.8745700880024192,0.95217457180198,0.8514491414497103,0.8663838988134093,0.8042980097796864,0.8049948610545469
STRUCT Weisfeiler-Lehman subtree features (h=3),structural,42,1280,0.77578125,0.7515819790409954,0.7555153318555077,0.7515819790409954,0.920010886341087,0.7531351035329727,0.775427008880573,0.6798680989641203,0.6800360466312344
STRUCT Weisfeiler-Lehman subtree features (h=3),structural,7,1344,0.8035714285714286,0.767716543010287,0.78161270664955,0.767716543010287,0.9274859391026208,0.7737072144594944,0.8027025174886568,0.7138615258686387,0.7149725479442681
STRUCT Weisfeiler-Lehman subtree features (h=3),structural,123,1434,0.800557880055788,0.7877580706675948,0.7908892787554733,0.7877580706675948,0.9319840536777303,0.7858159165341283,0.7997289897706767,0.7235548988786463,0.725964399258453
STRUCT Weisfeiler-Lehman subtree features (h=3),structural,99,1336,0.8001497005988024,0.8007768490360876,0.7941085959432487,0.8007768490360876,0.9321238078802313,0.796280602704782,0.8009774684923873,0.7273340172048206,0.7280348107489855
STRUCT Weisfeiler-Lehman subtree features (h=3),structural,256,1392,0.8426724137931034,0.8319335049203064,0.7947539392420382,0.8319335049203064,0.9449033189497281,0.8098960950038405,0.8446796975124159,0.7706205813040063,0.7711742463981094
"NL Representation-specific, RAW | Direct latents [z(A),z(B),z(A)-z(B)] (19 views)",natural-latents,42,1280,0.77734375,0.7648646151207626,0.7586733233962029,0.7648646151207626,0.9212326140080109,0.7611733750503804,0.7773451464978872,0.6837626694314316,0.6843731752478495
"NL Representation-specific, RAW | Direct latents [z(A),z(B),z(A)-z(B)] (19 views)",natural-latents,7,1344,0.8199404761904762,0.7728432306552344,0.7949028304930503,0.7728432306552344,0.9339024461391754,0.7828324896614909,0.8185640621927933,0.7378142318776324,0.7383373631443133
"NL Representation-specific, RAW | Direct latents [z(A),z(B),z(A)-z(B)] (19 views)",natural-latents,123,1434,0.8270571827057183,0.7975829352853194,0.8309159476741567,0.7975829352853194,0.9384164279008114,0.809839651421788,0.8252249245487364,0.7567193727262902,0.7575409520945496
"NL Representation-specific, RAW | Direct latents [z(A),z(B),z(A)-z(B)] (19 views)",natural-latents,99,1336,0.8001497005988024,0.7873585858771911,0.7915389198073777,0.7873585858771911,0.9320791273975697,0.7880276685496391,0.800685503139183,0.7265384473855288,0.7277905205901983
"NL Representation-specific, RAW | Direct latents [z(A),z(B),z(A)-z(B)] (19 views)",natural-latents,256,1392,0.8211206896551724,0.8153789581151556,0.7807750980917221,0.8153789581151556,0.9359041330136111,0.7949908897290855,0.8224821990230496,0.7386000265466437,0.7389736350942717
"NL Representation-specific, RESAMPLED | Direct latents [z(A),z(B),z(A)-z(B)] (19 views)",natural-latents,42,1280,0.7640625,0.747681365765382,0.7398585295555171,0.747681365765382,0.9170443583948847,0.7427145310333155,0.7638566842899607,0.665584418393203,0.6666418942611172
"NL Representation-specific, RESAMPLED | Direct latents [z(A),z(B),z(A)-z(B)] (19 views)",natural-latents,7,1344,0.7857142857142857,0.7357192519029611,0.7455415969497403,0.7357192519029611,0.9228289172125681,0.7403594379200463,0.7847642531598396,0.6893475666474318,0.6894676162799951
"NL Representation-specific, RESAMPLED | Direct latents [z(A),z(B),z(A)-z(B)] (19 views)",natural-latents,123,1434,0.7859135285913529,0.7582664750522115,0.7762339208375927,0.7582664750522115,0.9249387524246058,0.7651198535325453,0.7843593560729571,0.6999885512101643,0.7004086897168752
"NL Representation-specific, RESAMPLED | Direct latents [z(A),z(B),z(A)-z(B)] (19 views)",natural-latents,99,1336,0.7941616766467066,0.7814348644677714,0.7876107249811463,0.7814348644677714,0.930073773728205,0.7818975097094687,0.7948145068848032,0.7183996762439391,0.7207349621180783
"NL Representation-specific, RESAMPLED | Direct latents [z(A),z(B),z(A)-z(B)] (19 views)",natural-latents,256,1392,0.8117816091954023,0.8060826677861112,0.770409864837851,0.8060826677861112,0.933213472276927,0.7856645260863206,0.8132680529677128,0.7261003181317047,0.726869290087081
"SEM Condensation engine, corrected (size-2+3 magmas; unresolvable -> incomparable)",semantic,42,1280,0.5046875,0.37762549381401844,0.8010225487499593,0.37762549381401844,0.7901956326020653,0.3780341786740056,0.42630534959799443,0.1867102815727023,0.30021876051864843
"SEM Condensation engine, corrected (size-2+3 magmas; unresolvable -> incomparable)",semantic,7,1344,0.5238095238095238,0.38374904972237456,0.748031842371465,0.38374904972237456,0.7967431966558547,0.38847908891996286,0.45468302176688574,0.21377071237404388,0.3172641053135087
"SEM Condensation engine, corrected (size-2+3 magmas; unresolvable -> incomparable)",semantic,123,1434,0.44490934449093444,0.3291663507555445,0.7694815123714207,0.3291663507555445,0.7763112284211383,0.29634159698362106,0.34976148637688137,0.12050433713291553,0.22115642827686702
"SEM Condensation engine, corrected (size-2+3 magmas; unresolvable -> incomparable)",semantic,99,1336,0.3787425149700599,0.3367889462138222,0.7474025974025973,0.3367889462138222,0.7816683083337442,0.28272830626041673,0.3072798980548775,0.1281731954612927,0.23792486290777362
"SEM Condensation engine, corrected (size-2+3 magmas; unresolvable -> incomparable)",semantic,256,1392,0.5545977011494253,0.4144547991254408,0.7964541023806466,0.4144547991254408,0.8007151148147513,0.44019061507213164,0.49194716869990607,0.23845828038966543,0.337658710307301
"SEM Condensation engine, as published (size-2+3 magmas; unresolvable -> incomparable)",semantic,42,1280,0.2671875,0.23368609987462446,0.538627530577419,0.23368609987462446,0.7245652353654504,0.24646655078520302,0.27840675688450756,-0.0708068152629926,-0.0815307698671492
"SEM Condensation engine, as published (size-2+3 magmas; unresolvable -> incomparable)",semantic,7,1344,0.28125,0.23924550362308378,0.5262836301629406,0.23924550362308378,0.7306978157806521,0.2660186033918548,0.3074131011506113,-0.04530303469464658,-0.051132341487915414
"SEM Condensation engine, as published (size-2+3 magmas; unresolvable -> incomparable)",semantic,123,1434,0.24686192468619247,0.1996043069599241,0.4915737452651515,0.1996043069599241,0.7196924086444239,0.2076560395150427,0.2389871191164937,-0.10435589935352474,-0.12622200235574607
"SEM Condensation engine, as published (size-2+3 magmas; unresolvable -> incomparable)",semantic,99,1336,0.20808383233532934,0.1891205524314388,0.5048839367021185,0.1891205524314388,0.7326149520514723,0.20073596990207015,0.22362487800935182,-0.0706295825001515,-0.09172773107464606
"SEM Condensation engine, as published (size-2+3 magmas; unresolvable -> incomparable)",semantic,256,1392,0.2974137931034483,0.2705641238842832,0.528125,0.2705641238842832,0.7317628806082799,0.28322339064072394,0.3250252039819216,-0.029548424568026643,-0.03295075374308808
